{"cameraMode":{"drawMode":0,"name":"Shaded","section":"Shading Mode"},"sceneLighting":false,"audioPlay":false,"sceneViewState":{"m_AlwaysRefresh":false,"showFog":true,"showSkybox":true,"showFlares":true,"showImageEffects":true,"showParticleSystems":true,"showVisualEffectGraphs":true,"m_FxEnabled":true},"in2DMode":false,"pivot":{"x":13.493741989135743,"y":-13.676512718200684,"z":15.719963073730469},"rotation":{"x":-0.28031864762306216,"y":-0.587440013885498,"z":0.22094011306762696,"w":-0.7267966270446777},"size":32.319419860839847,"orthographic":false}