{"cameraMode":{"drawMode":0,"name":"Shaded","section":"Shading Mode"},"sceneLighting":false,"audioPlay":false,"sceneViewState":{"m_AlwaysRefresh":false,"showFog":true,"showSkybox":true,"showFlares":true,"showImageEffects":true,"showParticleSystems":true,"showVisualEffectGraphs":true,"m_FxEnabled":true},"in2DMode":false,"pivot":{"x":17.561845779418947,"y":-36.594703674316409,"z":51.247798919677737},"rotation":{"x":-0.34315162897109988,"y":-0.12909089028835298,"z":0.04579318314790726,"w":-0.9295272827148438},"size":43.56391525268555,"orthographic":false}